"id","asset_or_group","source_path","formats","textures","animation","apparent_scale","visual_style","gameplay_role","license_path","classification","reason","required_rework","next_visual_prototype","eventual_production"
"INV-001","Quaternius Medieval Village MegaKit","external-art-intake/quaternius/medieval-village-megakit/","glTF+bin; FBX; OBJ+MTL","54 PNG plus referenced materials","none","modular pieces; runtime scale not normalized","bright stylized generic village","walls; floors; roofs; fences; village dressing","external-art-intake/quaternius/medieval-village-megakit/License_Standard.txt","TEMPORARY PROTOTYPE","Actual 936-file pack and CC0 source; useful modules but not Barrosan and insufficient for natural terrain/hostile identity","Barrosan material pass and a connected authored building grammar; do not use alone as final family","yes, isolated only","no, not as the final environment family"
"INV-002","Quaternius Fantasy Props MegaKit","external-art-intake/quaternius/fantasy-props-megakit/","glTF+bin; FBX; OBJ+MTL","43 PNG plus referenced materials","none","small props; per-asset bounds vary","bright generic fantasy props","carts; crates; barrels; tools; market and work dressing","external-art-intake/quaternius/fantasy-props-megakit/License_Standard.txt","TEMPORARY PROTOTYPE","Actual 517-file CC0 prop source; supports blocking but cannot supply settlement or hostile silhouette","Recolor only as temporary; replace role-critical props with Barrosan authored groups","yes, sparse prototype dressing","no, not as primary identity"
"INV-003","Quaternius Stylized Nature MegaKit","external-art-intake/quaternius/stylized-nature-megakit/","glTF+bin; FBX; OBJ+MTL","40 PNG plus referenced materials","none","small to medium; import scale requires audit","bright stylized nature","trees; bushes; grass; flowers; rocks","external-art-intake/quaternius/stylized-nature-megakit/License_Standard.txt","TEMPORARY PROTOTYPE","Actual 453-file CC0 nature source; provides coverage but its palette and repetition do not establish Barrosan highland atmosphere","Author a unified temperate palette, shape variants and placement grammar","yes, temporary foliage only","no, replace or substantially rework as a family"
"INV-004","Quaternius Ultimate Modular Men","external-art-intake/quaternius/ultimate-modular-men/","glTF; FBX; BLEND","embedded or source-dependent; no texture folder observed","rigged characters and animation delivery files","character-scale source; normalize to 1 m units","generic stylized modular humanoids","Worker; Farmer; Adventurer placeholders","external-art-intake/quaternius/ultimate-modular-men/License.txt","TEMPORARY PROTOTYPE","Actual 111-file CC0 source with rigs and animation organization; silhouettes are not final Barrosan/Ashen art","Retain for gameplay blocking; replace silhouettes, equipment and faction materials later","yes, recommended temporary unit source","no, not final faction presentation"
"INV-005","v0.370 imported Quaternius village subset","desktop-spikes/godot-salto/assets/third_party/quaternius/v0370/village/","glTF plus copied textures","adjacent v0370 village textures","none","proof-scene scale documented in V0370 manifest","same bright stylized subset","proof walls; floors; roofs; fences; bridge dressing","desktop-spikes/godot-salto/assets/third_party/quaternius/v0370/THIRD_PARTY_NOTICE.md","TEMPORARY PROTOTYPE","The selected subset is explicitly documented as non-production proof content","Keep source notice and use only for smoke/proof","yes, fallback/proof only","no"
"INV-006","v0.370 imported Quaternius nature subset","desktop-spikes/godot-salto/assets/third_party/quaternius/v0370/nature/","glTF plus copied textures","adjacent v0370 nature textures","none","proof-scene scale documented in V0370 manifest","same bright stylized subset","trees; bushes; grass; flowers; rocks","desktop-spikes/godot-salto/assets/third_party/quaternius/v0370/THIRD_PARTY_NOTICE.md","TEMPORARY PROTOTYPE","Useful real imports but visibly part of the v0.373 visual-quality blocker","Use for smoke/proof only; do not rescue final art through rearrangement","yes, fallback/proof only","no"
"INV-007","v0.370 imported Quaternius props subset","desktop-spikes/godot-salto/assets/third_party/quaternius/v0370/props/","glTF plus copied textures","adjacent v0370 prop textures","none","proof-scene scale documented in V0370 manifest","generic stylized props","barrels; crates; wagon; whetstone; temporary resource/camp dressing","desktop-spikes/godot-salto/assets/third_party/quaternius/v0370/THIRD_PARTY_NOTICE.md","TEMPORARY PROTOTYPE","The v0.373 audit found the prop family insufficient for resource and hostile identity","Replace role-critical props with authored resource and hostile groups","yes, fallback/proof only","no"
"INV-008","v0.370 imported Quaternius men subset","desktop-spikes/godot-salto/assets/third_party/quaternius/v0370/men/","embedded glTF","embedded in source glTF","rigged source files","Worker/Farmer/Adventurer at documented proof scale","generic stylized humanoids","temporary Worker; militia; hostile character","desktop-spikes/godot-salto/assets/third_party/quaternius/v0370/THIRD_PARTY_NOTICE.md","TEMPORARY PROTOTYPE","Works for technical unit presence but lacks Barrosan/Ashen silhouette identity","Replace with faction-specific silhouettes and equipment","yes, temporary gameplay prototype","no"
"INV-009","v0.233 modular environment kit","desktop-spikes/godot-salto/assets/v0233/salto_modular_environment_kit.glb","GLB; Blender source","materials authored in source/export","none","1 m contract; Z-up to Godot documented","authored low-poly Barrosan-directed kit; status partial","terrain modules; road; river banks; bridge; landmark precedents","repository-authored; contract at desktop-spikes/godot-salto/assets/v0233/salto_modular_environment_kit.contract.json","KEEP WITH BARROSAN REWORK","Actual GLB and contract provide valuable modules and integration precedent, but the recorded contract is partial and not a complete production world","Author natural terrain/elevation, improve materials and complete roster/bridge/hostile coverage","yes, isolated source study","yes, after authored completion and human approval"
"INV-010","v0.235 Barrosan architecture kit","desktop-spikes/godot-salto/assets/v0235/salto_barrosan_architecture_kit.glb","GLB; Blender source","authored PBR/material slots in source/export","none","1 m contract; roof geometry contract recorded","Barrosan-directed keep/barracks/workshop/mine","architecture landmarks and roof precedents","repository-authored; contract at desktop-spikes/godot-salto/assets/v0235/salto_barrosan_architecture_kit.contract.json","KEEP WITH BARROSAN REWORK","Actual corrected ridge-to-eave architecture exists, but only three corrected modules and the v0.235 slice is not a full settlement family","Extend with domestic/economic/defensive/hostile modules and unified terrain","yes, close study only","yes, after roster expansion and review"
"INV-011","House02 Barrosan gold lineage","desktop-spikes/godot-salto/assets/v0330/barrosan_house_gold_02.glb; desktop-spikes/godot-salto/assets/v0338/barrosan_house_02_material_gold_candidate.glb","GLB; Blender source; PBR texture sets","granite; slate; timber; foundation; rubble and derived maps","none","building-scale; metrics and source lineage in v0330-v0338 docs","authored Barrosan domestic granite/slate","house; domestic reference; material anchor","repository-authored; docs/V0330_BARROSAN_HOUSE02_REFERENCE_GROUNDED_REPORT.md","KEEP","Strong current domestic/material identity; not a complete roster or terrain family","Add variants, yards, thresholds and connected neighbors without altering gold source","yes, reference/isolated approval only","yes, as one approved production asset after integration gate"
"INV-012","Barrosan Barn gold and canonical registration","desktop-spikes/godot-salto/scenes/gold/barrosan/BarrosanBarnGold.tscn; desktop-spikes/godot-salto/assets/v0350/barn_final_material_harmony.glb; docs/gold/V0355_BARROSAN_BARN_GOLD_MANIFEST.json","TSCN; GLB; Blender source; slate/timber PBR textures","traditional slate; timber; granite/rubble; roughness and normal","workers are deferred; no gameplay","building-scale; canonical hashes recorded","human-approved Barrosan agricultural granite/slate","barn; agricultural landmark; material anchor","repository-authored; docs/gold/V0355_BARROSAN_BARN_GOLD_MANIFEST.json","KEEP","Manifest records HUMAN_APPROVED_VISUAL_GOLD and passive non-integrated status; credible production anchor","Add connected yard/terrain and role neighbors; preserve manifest hashes","yes, reference/isolated approval only","yes, after opt-in integration approval"
"INV-013","v0.236-v0.239 authored Barrosan production-direction sources","art-source/blender/v0236/; art-source/blender/v0237/; art-source/blender/v0238/; art-source/blender/v0239/","Blender source and related reports","authored material and palette studies","none","authoring sources; runtime scale per contracts","Barrosan faction and roster direction","material richness; roster; terrain/prop planning","repository-authored; docs/art/V0236_BARROSAN_FACTION_ART_BIBLE.md","KEEP WITH BARROSAN REWORK","Actual sources preserve valuable art-direction decisions but are not one verified production export family","Consolidate into versioned export, connected overview and human approval","yes, source reference only","yes, after export/import and cohesion gate"
"INV-014","v0.368 playable/fallback presentation layer","desktop-spikes/godot-salto/scenes/v0368_playable_slice_visual_coherence.tscn; desktop-spikes/godot-salto/scripts/v0368_playable_slice_visual_coherence.gd","Godot scene/script; imported textures","sprite textures and procedural materials","runtime presentation only","gameplay fixture scale","technical playable/fallback presentation","preserve gameplay readability and fallback behavior","repository-authored; v0.368 report lineage","TEMPORARY PROTOTYPE","Useful for gameplay continuity but not intended final art direction","Leave unchanged; replace only through separate approved integration checkpoint","yes, current fallback","no"
"INV-015","v0.373 autonomous visual-direction scene and evidence","desktop-spikes/godot-salto/scenes/v0373_autonomous_visual_direction_rts_sector.tscn; docs/V0373_AUTONOMOUS_VISUAL_DIRECTION_RTS_SCENE_RECOVERY_REPORT.md","Godot scene/script; GLTF imports","Quaternius textures plus authored test materials","none","capture scale 1920x1080; proof scene only","fail-closed visual prototype","settlement; resource; bridge; river; hostile camp composition test","repository-authored plus recorded Quaternius notices","TEMPORARY PROTOTYPE","Six iterations scored 34/60; report identifies asset-family/composition failure","Do not rearrange; replace missing art sources before future scene work","no, except historical audit","no"
"INV-016","Runtime comparator fallback materials","desktop-spikes/godot-salto/comparators/runtime_art_pipeline/fallback/","PNG comparator images and JSON contracts","PNG fallback textures","none","technical comparator scale","technical fallback material references","preserve opt-in fallback comparisons","repository-authored; adjacent contract JSON","TEMPORARY PROTOTYPE","Useful for regression/contract checks, not final world presentation","None for art direction; preserve as technical fallback","yes, validator/fallback only","no"
